username,firstName,lastName,email,age,timeCreated
ajsegj,gjsj,gjejs,jfgejs,jgej,"1/24/2020, 8:54:42 AM"
ajsegj,gjsj,gjejs,jfgejs,jgej,"1/24/2020, 8:54:50 AM"
asjegj,gjs,,,,"1/24/2020, 8:55:06 AM"
sajegj,,,,,"1/24/2020, 8:56:44 AM"
esjg,gjas,gjsej,jfekj@gmail.com,,"1/24/2020, 8:57:47 AM"
jasegj,jsgaj,gjsje,gjsej@gmail.com,34,"1/24/2020, 9:32:16 AM"
jasegj,jsgaj,gjsje,gjsej@gmail.com,34,"1/24/2020, 9:36:11 AM"
jasegj,jsgaj,gjsje,gjsej@gmail.com,34,"1/24/2020, 9:36:16 AM"
,,,,,"1/24/2020, 9:37:44 AM"
,,,,,"1/24/2020, 9:38:12 AM"
,,,,,"1/24/2020, 9:38:48 AM"
,,,,,"1/24/2020, 9:40:41 AM"
,,,,,"1/24/2020, 9:40:51 AM"
,,,,,"1/24/2020, 9:47:22 AM"
